"No.","Time","Source","Destination","Protocol","Length","Info"
"1","0.000000000","Sercomm_be:8c:a4","Broadcast","ARP","42","Who has 192.168.1.64? Tell 192.168.1.1"
"2","0.921590087","Sercomm_be:8c:a4","Broadcast","ARP","42","Who has 192.168.1.64? Tell 192.168.1.1"
"3","1.945581145","Sercomm_be:8c:a4","Broadcast","ARP","42","Who has 192.168.1.64? Tell 192.168.1.1"
"4","5.222333756","Sercomm_be:8c:a4","Broadcast","ARP","42","Who has 192.168.1.64? Tell 192.168.1.1"
"5","5.324787621","Sercomm_be:8c:a4","Broadcast","ARP","42","Who has 192.168.1.64? Tell 192.168.1.1"
"6","5.427196322","Sercomm_be:8c:a4","Broadcast","ARP","42","Who has 192.168.1.66? Tell 192.168.1.1"
"7","5.529601892","Sercomm_be:8c:a4","Broadcast","ARP","42","Who has 192.168.1.66? Tell 192.168.1.1"
"8","5.631889909","Sercomm_be:8c:a4","Broadcast","ARP","42","Who has 192.168.1.65? Tell 192.168.1.1"
"9","5.631905027","Azurewav_63:8a:9d","Sercomm_be:8c:a4","ARP","42","192.168.1.65 is at 24:0a:64:63:8a:9d"
"10","5.734406284","Sercomm_be:8c:a4","Broadcast","ARP","42","Who has 192.168.1.65? Tell 192.168.1.1"
"11","5.734426721","Azurewav_63:8a:9d","Sercomm_be:8c:a4","ARP","42","192.168.1.65 is at 24:0a:64:63:8a:9d"
"12","7.474836315","31.13.72.52","192.168.1.65","TLSv1.2","306","Application Data"
"13","7.474861518","192.168.1.65","31.13.72.52","TCP","66","46476  >  443 [ACK] Seq=1 Ack=241 Win=1444 Len=0 TSval=1051047270 TSecr=283361039"
"14","9.011173440","Sercomm_be:8c:a4","Broadcast","ARP","42","Who has 192.168.1.64? Tell 192.168.1.1"
"15","9.932745557","Sercomm_be:8c:a4","Broadcast","ARP","42","Who has 192.168.1.64? Tell 192.168.1.1"
"16","10.956729896","Sercomm_be:8c:a4","Broadcast","ARP","42","Who has 192.168.1.64? Tell 192.168.1.1"
"17","11.877964522","192.168.1.1","239.255.255.250","SSDP","304","NOTIFY * HTTP/1.1 "
"18","11.902819308","192.168.1.65","192.30.253.125","TCP","66","51208  >  443 [ACK] Seq=1 Ack=1 Win=318 Len=0 TSval=2555982367 TSecr=3481181642"
"19","11.979868208","192.168.1.1","239.255.255.250","SSDP","376","NOTIFY * HTTP/1.1 "
"20","12.060489372","192.30.253.125","192.168.1.65","TCP","66","[TCP ACKed unseen segment] 443  >  51208 [ACK] Seq=1 Ack=2 Win=31 Len=0 TSval=3481192975 TSecr=2555937036"
"21","12.082231236","192.168.1.1","239.255.255.250","SSDP","313","NOTIFY * HTTP/1.1 "
"22","12.185141254","192.168.1.1","239.255.255.250","SSDP","372","NOTIFY * HTTP/1.1 "
"23","12.287611307","192.168.1.1","239.255.255.250","SSDP","313","NOTIFY * HTTP/1.1 "
"24","12.389433299","192.168.1.1","239.255.255.250","SSDP","352","NOTIFY * HTTP/1.1 "
"25","12.491901665","192.168.1.1","239.255.255.250","SSDP","313","NOTIFY * HTTP/1.1 "
"26","12.594247844","192.168.1.1","239.255.255.250","SSDP","352","NOTIFY * HTTP/1.1 "
"27","12.697122469","192.168.1.1","239.255.255.250","SSDP","313","NOTIFY * HTTP/1.1 "
"28","12.799042810","192.168.1.1","239.255.255.250","SSDP","368","NOTIFY * HTTP/1.1 "
"29","12.901460380","192.168.1.1","239.255.255.250","SSDP","384","NOTIFY * HTTP/1.1 "
"30","13.106309474","192.168.1.1","239.255.255.250","SSDP","366","NOTIFY * HTTP/1.1 "
"31","13.208698318","192.168.1.1","239.255.255.250","SSDP","382","NOTIFY * HTTP/1.1 "
"32","13.694810552","192.168.1.65","64.233.161.188","TCP","66","44280  >  5228 [ACK] Seq=1 Ack=1 Win=451 Len=0 TSval=1601800383 TSecr=3147687143"
"33","13.735553682","64.233.161.188","192.168.1.65","TCP","66","[TCP ACKed unseen segment] 5228  >  44280 [ACK] Seq=1 Ack=2 Win=248 Len=0 TSval=3147732200 TSecr=1601167881"
"34","19.258917835","192.168.1.65","192.168.1.1","DNS","87","Standard query 0x797d A web.whatsapp.com OPT"
"35","19.263059602","192.168.1.1","192.168.1.65","DNS","140","Standard query response 0x797d A web.whatsapp.com CNAME mmx-ds.cdn.whatsapp.net A 31.13.72.52 OPT"
"36","19.263752901","192.168.1.65","31.13.72.52","TCP","74","47044  >  443 [SYN] Seq=0 Win=29200 Len=0 MSS=1460 SACK_PERM=1 TSval=1051059059 TSecr=0 WS=128"
"37","19.304791549","31.13.72.52","192.168.1.65","TCP","74","443  >  47044 [SYN, ACK] Seq=0 Ack=1 Win=27960 Len=0 MSS=1410 SACK_PERM=1 TSval=442546224 TSecr=1051059059 WS=256"
"38","19.304865060","192.168.1.65","31.13.72.52","TCP","66","47044  >  443 [ACK] Seq=1 Ack=1 Win=29312 Len=0 TSval=1051059100 TSecr=442546224"
"39","19.305442221","192.168.1.65","31.13.72.52","TLSv1.3","583","Client Hello"
"40","19.346378439","31.13.72.52","192.168.1.65","TCP","66","443  >  47044 [ACK] Seq=1 Ack=518 Win=29184 Len=0 TSval=442546266 TSecr=1051059101"
"41","19.346435441","31.13.72.52","192.168.1.65","TLSv1.3","278","Server Hello, Change Cipher Spec, Application Data"
"42","19.346464506","192.168.1.65","31.13.72.52","TCP","66","47044  >  443 [ACK] Seq=518 Ack=213 Win=30336 Len=0 TSval=1051059142 TSecr=442546266"
"43","19.346954621","192.168.1.65","31.13.72.52","TLSv1.3","130","Change Cipher Spec, Application Data"
"44","19.350671708","192.168.1.65","31.13.72.52","TLSv1.3","152","Application Data"
"45","19.351053697","192.168.1.65","31.13.72.52","TLSv1.3","440","Application Data"
"46","19.353186133","192.168.1.65","31.13.72.52","TLSv1.3","952","Application Data"
"47","19.387495148","31.13.72.52","192.168.1.65","TLSv1.3","215","Application Data"
"48","19.387528783","31.13.72.52","192.168.1.65","TLSv1.3","140","Application Data"
"49","19.387605615","192.168.1.65","31.13.72.52","TCP","66","47044  >  443 [ACK] Seq=1928 Ack=436 Win=31360 Len=0 TSval=1051059183 TSecr=442546307"
"50","19.387727362","192.168.1.65","31.13.72.52","TLSv1.3","97","Application Data"
"51","19.393233143","31.13.72.52","192.168.1.65","TLSv1.3","97","Application Data"
"52","19.394013985","31.13.72.52","192.168.1.65","TLSv1.3","101","Application Data"
"53","19.394114962","192.168.1.65","31.13.72.52","TCP","66","47044  >  443 [ACK] Seq=1959 Ack=502 Win=31360 Len=0 TSval=1051059189 TSecr=442546313"
"54","19.428103384","31.13.72.52","192.168.1.65","TCP","66","443  >  47044 [ACK] Seq=502 Ack=1928 Win=32000 Len=0 TSval=442546348 TSecr=1051059148"
"55","19.470324627","31.13.72.52","192.168.1.65","TCP","66","443  >  47044 [ACK] Seq=502 Ack=1959 Win=32000 Len=0 TSval=442546390 TSecr=1051059183"
"56","19.534662595","192.168.1.65","192.168.1.1","DNS","100","Standard query 0xa809 AAAA connectivity-check.ubuntu.com OPT"
"57","19.538774230","192.168.1.1","192.168.1.65","DNS","161","Standard query response 0xa809 AAAA connectivity-check.ubuntu.com SOA ns1.canonical.com OPT"
"58","19.603048742","31.13.72.52","192.168.1.65","TLSv1.3","248","Application Data"
"59","19.646753428","192.168.1.65","31.13.72.52","TCP","66","47044  >  443 [ACK] Seq=1959 Ack=684 Win=32512 Len=0 TSval=1051059442 TSecr=442546523"
"60","20.020654462","192.168.1.65","239.255.255.250","SSDP","209","M-SEARCH * HTTP/1.1 "
"61","20.534883703","192.168.1.65","35.224.99.156","TCP","74","33650  >  80 [SYN] Seq=0 Win=29200 Len=0 MSS=1460 SACK_PERM=1 TSval=36508147 TSecr=0 WS=128"
"62","20.571308307","192.30.253.125","192.168.1.65","TLSv1.2","90","[TCP ACKed unseen segment] , Application Data"
"63","20.571491687","192.168.1.65","192.30.253.125","TLSv1.2","94","[TCP Previous segment not captured] , Application Data"
"64","20.702401609","35.224.99.156","192.168.1.65","TCP","74","80  >  33650 [SYN, ACK] Seq=0 Ack=1 Win=28160 Len=0 MSS=1420 SACK_PERM=1 TSval=3567572632 TSecr=36508147 WS=128"
"65","20.702456071","192.168.1.65","35.224.99.156","TCP","66","33650  >  80 [ACK] Seq=1 Ack=1 Win=29312 Len=0 TSval=36508315 TSecr=3567572632"
"66","20.702661709","192.168.1.65","35.224.99.156","HTTP","153","GET / HTTP/1.1 "
"67","20.729225596","192.30.253.125","192.168.1.65","TCP","66","[TCP ACKed unseen segment] 443  >  51208 [ACK] Seq=25 Ack=30 Win=31 Len=0 TSval=3481195142 TSecr=2555991036"
"68","20.866160681","35.224.99.156","192.168.1.65","TCP","66","80  >  33650 [ACK] Seq=1 Ack=88 Win=29312 Len=0 TSval=3567572811 TSecr=36508315"
"69","20.866190690","35.224.99.156","192.168.1.65","HTTP","214","HTTP/1.1 204 No Content "
"70","20.866205859","192.168.1.65","35.224.99.156","TCP","66","33650  >  80 [ACK] Seq=88 Ack=149 Win=30336 Len=0 TSval=36508478 TSecr=3567572811"
"71","20.866236753","35.224.99.156","192.168.1.65","TCP","66","80  >  33650 [FIN, ACK] Seq=149 Ack=88 Win=29312 Len=0 TSval=3567572811 TSecr=36508315"
"72","20.866441647","192.168.1.65","35.224.99.156","TCP","66","33650  >  80 [FIN, ACK] Seq=88 Ack=150 Win=30336 Len=0 TSval=36508479 TSecr=3567572811"
"73","21.021174987","192.168.1.65","239.255.255.250","SSDP","209","M-SEARCH * HTTP/1.1 "
"74","21.029470810","35.224.99.156","192.168.1.65","TCP","66","80  >  33650 [ACK] Seq=150 Ack=89 Win=29312 Len=0 TSval=3567572975 TSecr=36508479"
"75","22.021504667","192.168.1.65","239.255.255.250","SSDP","209","M-SEARCH * HTTP/1.1 "
"76","23.022850924","192.168.1.65","239.255.255.250","SSDP","209","M-SEARCH * HTTP/1.1 "
"77","24.304787954","192.168.1.65","31.13.72.52","TLSv1.2","185","Application Data"
"78","24.348552419","31.13.72.52","192.168.1.65","TCP","66","443  >  46476 [ACK] Seq=241 Ack=120 Win=211 Len=0 TSval=283377913 TSecr=1051064100"
"79","24.459837742","31.13.72.52","192.168.1.65","TLSv1.2","99","Application Data"
"80","24.459858966","192.168.1.65","31.13.72.52","TCP","66","46476  >  443 [ACK] Seq=120 Ack=274 Win=1444 Len=0 TSval=1051064255 TSecr=283378025"
"81","24.922406443","31.13.72.52","192.168.1.65","TLSv1.2","113","Application Data"
"82","24.922449746","192.168.1.65","31.13.72.52","TCP","66","46476  >  443 [ACK] Seq=120 Ack=321 Win=1444 Len=0 TSval=1051064718 TSecr=283378487"
"83","26.801466002","192.168.1.65","31.13.72.52","TLSv1.2","217","Application Data"
"84","26.846472388","31.13.72.52","192.168.1.65","TCP","66","443  >  46476 [ACK] Seq=321 Ack=271 Win=220 Len=0 TSval=283380410 TSecr=1051066597"
"85","26.956632519","31.13.72.52","192.168.1.65","TLSv1.2","99","Application Data"
"86","26.956667761","192.168.1.65","31.13.72.52","TCP","66","46476  >  443 [ACK] Seq=271 Ack=354 Win=1444 Len=0 TSval=1051066752 TSecr=283380521"
"87","27.589324586","31.13.72.52","192.168.1.65","TLSv1.2","113","Application Data"
"88","27.589374234","192.168.1.65","31.13.72.52","TCP","66","46476  >  443 [ACK] Seq=271 Ack=401 Win=1444 Len=0 TSval=1051067384 TSecr=283381154"
"89","27.809885235","192.168.1.65","74.125.131.138","TLSv1.2","187","Application Data"
"90","27.809956400","192.168.1.65","74.125.131.138","TLSv1.2","105","Application Data"
"91","27.810087971","192.168.1.65","74.125.131.138","TCP","1434","59208  >  443 [ACK] Seq=161 Ack=1 Win=264 Len=1368 TSval=342998491 TSecr=2967748050 [TCP segment of a reassembled PDU]"
"92","27.810280098","192.168.1.65","74.125.131.138","TLSv1.2","112","Application Data"
"93","27.847135692","74.125.131.138","192.168.1.65","TCP","66","443  >  59208 [ACK] Seq=1 Ack=122 Win=270 Len=0 TSval=2967783525 TSecr=342998491"
"94","27.847157494","74.125.131.138","192.168.1.65","TCP","66","443  >  59208 [ACK] Seq=1 Ack=161 Win=270 Len=0 TSval=2967783525 TSecr=342998491"
"95","27.847162920","74.125.131.138","192.168.1.65","TCP","66","443  >  59208 [ACK] Seq=1 Ack=1529 Win=280 Len=0 TSval=2967783525 TSecr=342998491"
"96","27.847171824","74.125.131.138","192.168.1.65","TCP","66","443  >  59208 [ACK] Seq=1 Ack=1575 Win=280 Len=0 TSval=2967783525 TSecr=342998491"
"97","27.847177687","74.125.131.138","192.168.1.65","TLSv1.2","105","Application Data"
"98","27.890789207","192.168.1.65","74.125.131.138","TCP","66","59208  >  443 [ACK] Seq=1575 Ack=40 Win=264 Len=0 TSval=342998572 TSecr=2967783525"
"99","27.907396067","74.125.131.138","192.168.1.65","TLSv1.2","150","Application Data"
"100","27.907436117","192.168.1.65","74.125.131.138","TCP","66","59208  >  443 [ACK] Seq=1575 Ack=124 Win=264 Len=0 TSval=342998589 TSecr=2967783586"
"101","27.907481088","74.125.131.138","192.168.1.65","TLSv1.2","698","Application Data"
"102","27.907496133","192.168.1.65","74.125.131.138","TCP","66","59208  >  443 [ACK] Seq=1575 Ack=756 Win=273 Len=0 TSval=342998589 TSecr=2967783586"
"103","27.909507735","74.125.131.138","192.168.1.65","TLSv1.2","334","Application Data"
"104","27.909525739","192.168.1.65","74.125.131.138","TCP","66","59208  >  443 [ACK] Seq=1575 Ack=1024 Win=283 Len=0 TSval=342998591 TSecr=2967783588"
"105","27.927295801","74.125.131.138","192.168.1.65","TLSv1.2","370","Application Data, Application Data"
"106","27.927314771","192.168.1.65","74.125.131.138","TCP","66","59208  >  443 [ACK] Seq=1575 Ack=1328 Win=293 Len=0 TSval=342998608 TSecr=2967783606"
"107","27.927754529","192.168.1.65","74.125.131.138","TLSv1.2","105","Application Data"
"108","28.004160255","74.125.131.138","192.168.1.65","TCP","66","443  >  59208 [ACK] Seq=1328 Ack=1614 Win=280 Len=0 TSval=2967783683 TSecr=342998609"
"109","28.030796904","192.168.1.65","77.88.55.80","TCP","66","56222  >  443 [ACK] Seq=1 Ack=1 Win=363 Len=0 TSval=3340674917 TSecr=830474216"
"110","28.066755620","77.88.55.80","192.168.1.65","TCP","66","[TCP ACKed unseen segment] 443  >  56222 [ACK] Seq=1 Ack=2 Win=177 Len=0 TSval=830485480 TSecr=3340425191"
"111","31.539120400","Sercomm_be:8c:a4","Broadcast","ARP","42","Who has 192.168.1.64? Tell 192.168.1.1"
"112","32.563176603","Sercomm_be:8c:a4","Broadcast","ARP","42","Who has 192.168.1.64? Tell 192.168.1.1"
"113","33.484762949","Sercomm_be:8c:a4","Broadcast","ARP","42","Who has 192.168.1.64? Tell 192.168.1.1"
"114","35.210896829","192.168.1.65","31.13.72.52","TLSv1.2","192","Application Data"
"115","35.254632507","31.13.72.52","192.168.1.65","TCP","66","443  >  46476 [ACK] Seq=401 Ack=397 Win=220 Len=0 TSval=283388819 TSecr=1051075006"
"116","36.863930565","Sercomm_be:8c:a4","Broadcast","ARP","42","Who has 192.168.1.64? Tell 192.168.1.1"
"117","37.887921968","Sercomm_be:8c:a4","Broadcast","ARP","42","Who has 192.168.1.64? Tell 192.168.1.1"
"118","38.911932527","Sercomm_be:8c:a4","Broadcast","ARP","42","Who has 192.168.1.64? Tell 192.168.1.1"
"119","39.935970777","Sercomm_be:8c:a4","Broadcast","ARP","42","Who has 192.168.1.64? Tell 192.168.1.1"
"120","41.538054825","192.168.1.1","224.0.0.1","IGMPv3","50","Membership Query, general"
"121","41.818859132","192.168.1.1","239.255.255.250","SSDP","304","NOTIFY * HTTP/1.1 "
"122","41.818884120","192.168.1.1","239.255.255.250","SSDP","376","NOTIFY * HTTP/1.1 "
"123","41.819414390","192.168.1.1","239.255.255.250","SSDP","313","NOTIFY * HTTP/1.1 "
"124","41.819931645","192.168.1.1","239.255.255.250","SSDP","372","NOTIFY * HTTP/1.1 "
"125","41.820931174","192.168.1.1","239.255.255.250","SSDP","313","NOTIFY * HTTP/1.1 "
"126","41.820956522","192.168.1.1","239.255.255.250","SSDP","352","NOTIFY * HTTP/1.1 "
"127","41.821915428","192.168.1.1","239.255.255.250","SSDP","313","NOTIFY * HTTP/1.1 "
"128","41.821948248","192.168.1.1","239.255.255.250","SSDP","352","NOTIFY * HTTP/1.1 "
"129","41.822446138","192.168.1.1","239.255.255.250","SSDP","313","NOTIFY * HTTP/1.1 "
"130","41.823519750","192.168.1.1","239.255.255.250","SSDP","368","NOTIFY * HTTP/1.1 "
"131","41.823530364","192.168.1.1","239.255.255.250","SSDP","384","NOTIFY * HTTP/1.1 "
"132","41.824645266","192.168.1.1","239.255.255.250","SSDP","378","NOTIFY * HTTP/1.1 "
"133","41.824653998","192.168.1.1","239.255.255.250","SSDP","366","NOTIFY * HTTP/1.1 "
"134","41.825753512","192.168.1.1","239.255.255.250","SSDP","382","NOTIFY * HTTP/1.1 "
"135","41.844553173","Sercomm_be:8c:a4","Broadcast","ARP","42","Who has 192.168.1.64? Tell 192.168.1.1"
"136","42.276795434","192.168.1.65","31.13.72.52","TLSv1.2","192","Application Data"
"137","42.320395736","31.13.72.52","192.168.1.65","TCP","66","443  >  46476 [ACK] Seq=401 Ack=523 Win=220 Len=0 TSval=283395885 TSecr=1051082072"
"138","42.838060181","192.168.1.65","31.13.72.52","TLSv1.2","192","Application Data"
"139","42.881492887","31.13.72.52","192.168.1.65","TCP","66","443  >  46476 [ACK] Seq=401 Ack=649 Win=220 Len=0 TSval=283396446 TSecr=1051082633"
"140","43.475886701","31.13.72.52","192.168.1.65","TLSv1.2","181","Application Data"
"141","43.475919929","192.168.1.65","31.13.72.52","TCP","66","46476  >  443 [ACK] Seq=649 Ack=516 Win=1444 Len=0 TSval=1051083271 TSecr=283397041"
"142","44.158745565","192.168.1.65","224.0.0.22","IGMPv3","54","Membership Report / Join group 224.0.0.251 for any sources"
"143","45.773801991","Sercomm_be:8c:a4","Azurewav_63:8a:9d","EAPOL","161","Key (Group Message 1 of 2)"
"144","45.774398797","Azurewav_63:8a:9d","Sercomm_be:8c:a4","EAPOL","113","Key (Group Message 2 of 2)"
"145","49.874498506","::","ff02::1:ff96:2f2","ICMPv6","78","Neighbor Solicitation for fe80::f660:e2ff:fe96:2f2"
"146","49.977282101","0.0.0.0","255.255.255.255","DHCP","350","DHCP Discover - Transaction ID 0xd523eaf4"
"147","49.978325476","Sercomm_be:8c:a4","Broadcast","ARP","60","Who has 192.168.1.66? Tell 192.168.1.1"
"148","49.979383583","Sercomm_be:8c:a4","Broadcast","ARP","60","Who has 192.168.1.66? Tell 192.168.1.1"
"149","50.871586532","fe80::f660:e2ff:fe96:2f2","ff02::2","ICMPv6","70","Router Solicitation from f4:60:e2:96:02:f2"
"150","51.001488539","0.0.0.0","255.255.255.255","DHCP","362","DHCP Request  - Transaction ID 0xd523eaf4"
"151","51.427624310","XiaomiCo_96:02:f2","Broadcast","ARP","42","Who has 192.168.1.1? Tell 192.168.1.66"
"152","52.483195389","31.13.72.52","192.168.1.65","TLSv1.2","416","Application Data"
"153","52.483226672","192.168.1.65","31.13.72.52","TCP","66","46476  >  443 [ACK] Seq=649 Ack=866 Win=1444 Len=0 TSval=1051092278 TSecr=283406048"
"154","52.483273396","31.13.72.52","192.168.1.65","TLSv1.2","620","Application Data"
"155","52.483286717","192.168.1.65","31.13.72.52","TCP","66","46476  >  443 [ACK] Seq=649 Ack=1420 Win=1444 Len=0 TSval=1051092278 TSecr=283406048"
"156","53.053665856","31.13.72.52","192.168.1.65","TLSv1.2","416","Application Data"
"157","53.053688832","192.168.1.65","31.13.72.52","TCP","66","46476  >  443 [ACK] Seq=649 Ack=1770 Win=1444 Len=0 TSval=1051092849 TSecr=283406618"
"158","53.053719899","31.13.72.52","192.168.1.65","TLSv1.2","620","Application Data"
"159","53.053727721","192.168.1.65","31.13.72.52","TCP","66","46476  >  443 [ACK] Seq=649 Ack=2324 Win=1444 Len=0 TSval=1051092849 TSecr=283406618"
"160","54.879285937","fe80::f660:e2ff:fe96:2f2","ff02::2","ICMPv6","70","Router Solicitation from f4:60:e2:96:02:f2"
"161","58.178633138","192.168.1.65","31.13.72.52","TLSv1.2","327","Application Data"
"162","58.225494191","31.13.72.52","192.168.1.65","TCP","66","443  >  46476 [ACK] Seq=2324 Ack=910 Win=229 Len=0 TSval=283411790 TSecr=1051097974"
"163","58.337252964","31.13.72.52","192.168.1.65","TLSv1.2","111","Application Data"
"164","58.337288771","192.168.1.65","31.13.72.52","TCP","66","46476  >  443 [ACK] Seq=910 Ack=2369 Win=1444 Len=0 TSval=1051098132 TSecr=283411902"
"165","58.750786697","192.168.1.65","64.233.161.188","TCP","66","[TCP Dup ACK 32#1] 44280  >  5228 [ACK] Seq=1 Ack=1 Win=451 Len=0 TSval=1601845439 TSecr=3147732200"
"166","58.790740541","64.233.161.188","192.168.1.65","TCP","66","[TCP Dup ACK 33#1] [TCP ACKed unseen segment] 5228  >  44280 [ACK] Seq=1 Ack=2 Win=248 Len=0 TSval=3147777255 TSecr=1601167881"
"167","58.889394411","fe80::f660:e2ff:fe96:2f2","ff02::2","ICMPv6","70","Router Solicitation from f4:60:e2:96:02:f2"
"168","58.951992090","31.13.72.52","192.168.1.65","TLSv1.2","140","Application Data"
"169","58.952021052","192.168.1.65","31.13.72.52","TCP","66","46476  >  443 [ACK] Seq=910 Ack=2443 Win=1444 Len=0 TSval=1051098747 TSecr=283412517"
"170","61.064276852","31.13.72.52","192.168.1.65","TLSv1.2","218","Application Data"
"171","61.064298047","192.168.1.65","31.13.72.52","TCP","66","46476  >  443 [ACK] Seq=910 Ack=2595 Win=1444 Len=0 TSval=1051100859 TSecr=283414629"
"172","64.894811245","192.168.1.65","31.13.72.52","TCP","66","[TCP Keep-Alive] 47044  >  443 [ACK] Seq=1958 Ack=684 Win=32512 Len=0 TSval=1051104690 TSecr=442546523"
"173","64.935115551","31.13.72.52","192.168.1.65","TCP","66","[TCP Keep-Alive ACK] 443  >  47044 [ACK] Seq=684 Ack=1959 Win=32000 Len=0 TSval=442591855 TSecr=1051059442"
"174","65.918829912","192.168.1.65","192.30.253.125","TCP","66","[TCP Keep-Alive] 51208  >  443 [ACK] Seq=29 Ack=25 Win=318 Len=0 TSval=2556036383 TSecr=3481195142"
"175","66.076591508","192.30.253.125","192.168.1.65","TCP","66","[TCP Keep-Alive ACK] 443  >  51208 [ACK] Seq=25 Ack=30 Win=31 Len=0 TSval=3481206479 TSecr=2555991036"
"176","71.883843073","192.168.1.1","239.255.255.250","SSDP","304","NOTIFY * HTTP/1.1 "
"177","71.986249117","192.168.1.1","239.255.255.250","SSDP","376","NOTIFY * HTTP/1.1 "
"178","72.089143108","192.168.1.1","239.255.255.250","SSDP","313","NOTIFY * HTTP/1.1 "
"179","72.191008257","192.168.1.1","239.255.255.250","SSDP","372","NOTIFY * HTTP/1.1 "
"180","72.293426306","192.168.1.1","239.255.255.250","SSDP","313","NOTIFY * HTTP/1.1 "
"181","72.395831281","192.168.1.1","239.255.255.250","SSDP","352","NOTIFY * HTTP/1.1 "
"182","72.498253856","192.168.1.1","239.255.255.250","SSDP","313","NOTIFY * HTTP/1.1 "
"183","72.600602648","192.168.1.1","239.255.255.250","SSDP","352","NOTIFY * HTTP/1.1 "
"184","72.703517338","192.168.1.1","239.255.255.250","SSDP","313","NOTIFY * HTTP/1.1 "
"185","72.805450693","192.168.1.1","239.255.255.250","SSDP","368","NOTIFY * HTTP/1.1 "
"186","72.907846932","192.168.1.1","239.255.255.250","SSDP","384","NOTIFY * HTTP/1.1 "
"187","73.010257141","192.168.1.1","239.255.255.250","SSDP","378","NOTIFY * HTTP/1.1 "
"188","73.086785707","192.168.1.65","77.88.55.80","TCP","66","[TCP Dup ACK 109#1] 56222  >  443 [ACK] Seq=1 Ack=1 Win=363 Len=0 TSval=3340719973 TSecr=830485480"
"189","73.086803481","192.168.1.65","74.125.131.138","TCP","66","[TCP Keep-Alive] 59208  >  443 [ACK] Seq=1613 Ack=1328 Win=293 Len=0 TSval=343043768 TSecr=2967783683"
"190","73.112654831","192.168.1.1","239.255.255.250","SSDP","366","NOTIFY * HTTP/1.1 "
"191","73.123350944","77.88.55.80","192.168.1.65","TCP","66","[TCP Dup ACK 110#1] [TCP ACKed unseen segment] 443  >  56222 [ACK] Seq=1 Ack=2 Win=177 Len=0 TSval=830496745 TSecr=3340425191"
"192","73.123371509","74.125.131.138","192.168.1.65","TCP","66","[TCP Keep-Alive ACK] 443  >  59208 [ACK] Seq=1328 Ack=1614 Win=280 Len=0 TSval=2967828802 TSecr=342998609"
"193","73.215041093","192.168.1.1","239.255.255.250","SSDP","382","NOTIFY * HTTP/1.1 "
"194","74.571050011","192.30.253.125","192.168.1.65","TLSv1.2","90","Application Data"
"195","74.571318431","192.168.1.65","192.30.253.125","TLSv1.2","94","Application Data"
"196","74.657323407","192.168.1.65","31.13.72.52","TLSv1.2","192","Application Data"
"197","74.701021554","31.13.72.52","192.168.1.65","TCP","66","443  >  46476 [ACK] Seq=2595 Ack=1036 Win=229 Len=0 TSval=283428266 TSecr=1051114452"
"198","74.728867766","192.30.253.125","192.168.1.65","TCP","66","443  >  51208 [ACK] Seq=49 Ack=58 Win=31 Len=0 TSval=3481208642 TSecr=2556045035"
"199","75.326828747","31.13.72.52","192.168.1.65","TLSv1.2","169","Application Data"
"200","75.326867632","192.168.1.65","31.13.72.52","TCP","66","46476  >  443 [ACK] Seq=1036 Ack=2698 Win=1444 Len=0 TSval=1051115122 TSecr=283428892"
"201","79.359831425","77.88.55.80","192.168.1.65","TCP","66","[TCP Keep-Alive] [TCP ACKed unseen segment] 443  >  56222 [ACK] Seq=0 Ack=2 Win=177 Len=0 TSval=830498304 TSecr=3340425191"
"202","79.359859496","192.168.1.65","77.88.55.80","TCP","66","[TCP Previous segment not captured] 56222  >  443 [ACK] Seq=2 Ack=1 Win=363 Len=0 TSval=3340726246 TSecr=830496745"
"203","80.197259794","31.13.72.52","192.168.1.65","TLSv1.2","165","Application Data"
"204","80.197293716","192.168.1.65","31.13.72.52","TCP","66","46476  >  443 [ACK] Seq=1036 Ack=2797 Win=1444 Len=0 TSval=1051119992 TSecr=283433761"
"205","80.842058619","31.13.72.52","192.168.1.65","TLSv1.2","219","Application Data"
"206","80.842094145","192.168.1.65","31.13.72.52","TCP","66","46476  >  443 [ACK] Seq=1036 Ack=2950 Win=1444 Len=0 TSval=1051120637 TSecr=283434407"
"207","84.294125362","192.168.1.66","239.255.255.250","SSDP","167","M-SEARCH * HTTP/1.1 "
"208","84.422625654","192.168.1.66","224.0.0.251","MDNS","119","Standard query 0x0001 PTR _37F83649._sub._googlecast._tcp.local, ""QU"" question PTR _233637DE._sub._googlecast._tcp.local, ""QU"" question PTR _googlecast._tcp.local, ""QU"" question"
"209","84.440102410","31.13.72.52","192.168.1.65","TLSv1.3","105","Application Data"
"210","84.440160188","192.168.1.65","31.13.72.52","TCP","66","47044  >  443 [ACK] Seq=1959 Ack=723 Win=32512 Len=0 TSval=1051124235 TSecr=442611359"
"211","84.440195896","31.13.72.52","192.168.1.65","TCP","66","443  >  47044 [FIN, ACK] Seq=723 Ack=1959 Win=32000 Len=0 TSval=442611359 TSecr=1051059442"
"212","84.441075949","192.168.1.65","31.13.72.52","TCP","66","47044  >  443 [FIN, ACK] Seq=1959 Ack=724 Win=32512 Len=0 TSval=1051124236 TSecr=442611359"
"213","84.468350616","192.168.1.66","224.0.0.251","MDNS","119","Standard query 0x0001 PTR _37F83649._sub._googlecast._tcp.local, ""QU"" question PTR _233637DE._sub._googlecast._tcp.local, ""QU"" question PTR _googlecast._tcp.local, ""QU"" question"
"214","84.481207173","31.13.72.52","192.168.1.65","TCP","66","443  >  47044 [ACK] Seq=724 Ack=1960 Win=32000 Len=0 TSval=442611401 TSecr=1051124236"
"215","84.613765262","192.168.1.66","239.255.255.250","SSDP","167","M-SEARCH * HTTP/1.1 "
"216","85.472723245","192.168.1.66","224.0.0.251","MDNS","119","Standard query 0x0002 PTR _37F83649._sub._googlecast._tcp.local, ""QM"" question PTR _233637DE._sub._googlecast._tcp.local, ""QM"" question PTR _googlecast._tcp.local, ""QM"" question"
"217","86.514198265","192.168.1.66","224.0.0.251","MDNS","119","Standard query 0x0003 PTR _37F83649._sub._googlecast._tcp.local, ""QM"" question PTR _233637DE._sub._googlecast._tcp.local, ""QM"" question PTR _googlecast._tcp.local, ""QM"" question"
"218","90.180680820","Sercomm_be:8c:a4","Broadcast","ARP","42","Who has 192.168.1.64? Tell 192.168.1.1"
"219","90.181589793","Sercomm_be:8c:a4","Broadcast","ARP","42","Who has 192.168.1.64? Tell 192.168.1.1"
"220","90.182493815","Sercomm_be:8c:a4","Broadcast","ARP","42","Who has 192.168.1.66? Tell 192.168.1.1"
"221","90.183397332","Sercomm_be:8c:a4","Broadcast","ARP","42","Who has 192.168.1.66? Tell 192.168.1.1"
"222","90.185527330","Sercomm_be:8c:a4","Broadcast","ARP","42","Who has 192.168.1.65? Tell 192.168.1.1"
"223","90.185548956","Azurewav_63:8a:9d","Sercomm_be:8c:a4","ARP","42","192.168.1.65 is at 24:0a:64:63:8a:9d"
"224","90.186439063","Sercomm_be:8c:a4","Broadcast","ARP","42","Who has 192.168.1.65? Tell 192.168.1.1"
"225","90.186460322","Azurewav_63:8a:9d","Sercomm_be:8c:a4","ARP","42","192.168.1.65 is at 24:0a:64:63:8a:9d"
"226","92.166411836","192.168.1.66","239.255.255.250","SSDP","167","M-SEARCH * HTTP/1.1 "
"227","92.466625178","192.168.1.66","239.255.255.250","SSDP","167","M-SEARCH * HTTP/1.1 "
"228","92.764313548","192.168.1.66","239.255.255.250","SSDP","167","M-SEARCH * HTTP/1.1 "
"229","94.301335061","192.168.1.66","239.255.255.250","SSDP","167","M-SEARCH * HTTP/1.1 "
"230","94.623558051","192.168.1.66","239.255.255.250","SSDP","167","M-SEARCH * HTTP/1.1 "
"231","94.935345823","192.168.1.66","239.255.255.250","SSDP","167","M-SEARCH * HTTP/1.1 "
"232","101.785517550","Sercomm_be:8c:a4","Broadcast","ARP","42","Who has 192.168.1.64? Tell 192.168.1.1"
"233","101.887029961","192.168.1.1","239.255.255.250","SSDP","304","NOTIFY * HTTP/1.1 "
"234","101.989435453","192.168.1.1","239.255.255.250","SSDP","376","NOTIFY * HTTP/1.1 "
"235","102.092333748","192.168.1.1","239.255.255.250","SSDP","313","NOTIFY * HTTP/1.1 "
"236","102.194240797","192.168.1.1","239.255.255.250","SSDP","372","NOTIFY * HTTP/1.1 "
"237","102.297113523","192.168.1.1","239.255.255.250","SSDP","313","NOTIFY * HTTP/1.1 "
"238","102.300779388","192.168.1.65","31.13.72.52","TLSv1.2","97","Application Data"
"239","102.346223422","31.13.72.52","192.168.1.65","TCP","66","443  >  46476 [ACK] Seq=2950 Ack=1067 Win=229 Len=0 TSval=283455912 TSecr=1051142096"
"240","102.399041691","192.168.1.1","239.255.255.250","SSDP","352","NOTIFY * HTTP/1.1 "
"241","102.458274887","31.13.72.52","192.168.1.65","TLSv1.2","104","Application Data"
"242","102.458299664","192.168.1.65","31.13.72.52","TCP","66","46476  >  443 [ACK] Seq=1067 Ack=2988 Win=1444 Len=0 TSval=1051142253 TSecr=283456023"
"243","102.501913182","192.168.1.1","239.255.255.250","SSDP","313","NOTIFY * HTTP/1.1 "
"244","102.603814045","192.168.1.1","239.255.255.250","SSDP","352","NOTIFY * HTTP/1.1 "
"245","102.706722641","192.168.1.1","239.255.255.250","SSDP","313","NOTIFY * HTTP/1.1 "
"246","102.808626774","192.168.1.1","239.255.255.250","SSDP","368","NOTIFY * HTTP/1.1 "
"247","102.911035927","192.168.1.1","239.255.255.250","SSDP","384","NOTIFY * HTTP/1.1 "
"248","103.013402184","192.168.1.1","239.255.255.250","SSDP","378","NOTIFY * HTTP/1.1 "
"249","103.115825578","192.168.1.1","239.255.255.250","SSDP","366","NOTIFY * HTTP/1.1 "
"250","103.218219623","192.168.1.1","239.255.255.250","SSDP","382","NOTIFY * HTTP/1.1 "
"251","103.321467806","Sercomm_be:8c:a4","Broadcast","ARP","42","Who has 192.168.1.64? Tell 192.168.1.1"
"252","103.722583264","Sercomm_be:8c:a4","Broadcast","ARP","42","Who has 192.168.1.64? Tell 192.168.1.1"
"253","103.806804179","192.168.1.65","64.233.161.188","TCP","66","[TCP Dup ACK 32#2] 44280  >  5228 [ACK] Seq=1 Ack=1 Win=451 Len=0 TSval=1601890495 TSecr=3147777255"
"254","103.846824356","64.233.161.188","192.168.1.65","TCP","66","[TCP Dup ACK 33#2] [TCP ACKed unseen segment] 5228  >  44280 [ACK] Seq=1 Ack=2 Win=248 Len=0 TSval=3147822311 TSecr=1601167881"
"255","104.316098761","192.168.1.66","239.255.255.250","SSDP","167","M-SEARCH * HTTP/1.1 "
"256","104.601653949","192.168.1.66","239.255.255.250","SSDP","167","M-SEARCH * HTTP/1.1 "
"257","104.902072427","192.168.1.66","239.255.255.250","SSDP","167","M-SEARCH * HTTP/1.1 "
"258","106.485296059","192.168.1.66","224.0.0.251","MDNS","119","Standard query 0x0004 PTR _37F83649._sub._googlecast._tcp.local, ""QM"" question PTR _233637DE._sub._googlecast._tcp.local, ""QM"" question PTR _googlecast._tcp.local, ""QM"" question"
"259","106.895096437","31.13.72.52","192.168.1.65","TLSv1.2","258","Application Data"
"260","106.895145400","192.168.1.65","31.13.72.52","TCP","66","46476  >  443 [ACK] Seq=1067 Ack=3180 Win=1444 Len=0 TSval=1051146690 TSecr=283460460"
"261","107.130522535","192.168.1.65","74.125.131.138","TLSv1.2","187","Application Data"
"262","107.130640999","192.168.1.65","74.125.131.138","TLSv1.2","105","Application Data"
"263","107.138504028","192.168.1.65","74.125.131.138","TCP","1434","59208  >  443 [ACK] Seq=1774 Ack=1328 Win=293 Len=1368 TSval=343077820 TSecr=2967828802 [TCP segment of a reassembled PDU]"
"264","107.138711611","192.168.1.65","74.125.131.138","TLSv1.2","113","Application Data"
"265","107.175338857","74.125.131.138","192.168.1.65","TCP","66","443  >  59208 [ACK] Seq=1328 Ack=1735 Win=280 Len=0 TSval=2967862854 TSecr=343077812"
"266","107.175377940","74.125.131.138","192.168.1.65","TCP","66","443  >  59208 [ACK] Seq=1328 Ack=1774 Win=280 Len=0 TSval=2967862854 TSecr=343077812"
"267","107.176265538","74.125.131.138","192.168.1.65","TLSv1.2","105","Application Data"
"268","107.176296633","74.125.131.138","192.168.1.65","TCP","66","443  >  59208 [ACK] Seq=1367 Ack=3189 Win=291 Len=0 TSval=2967862854 TSecr=343077820"
"269","107.218742096","192.168.1.65","74.125.131.138","TCP","66","59208  >  443 [ACK] Seq=3189 Ack=1367 Win=293 Len=0 TSval=343077900 TSecr=2967862854"
"270","107.233489939","74.125.131.138","192.168.1.65","TLSv1.2","149","Application Data"
"271","107.233506613","192.168.1.65","74.125.131.138","TCP","66","59208  >  443 [ACK] Seq=3189 Ack=1450 Win=293 Len=0 TSval=343077915 TSecr=2967862909"
"272","107.233522898","74.125.131.138","192.168.1.65","TLSv1.2","569","Application Data"
"273","107.233527429","192.168.1.65","74.125.131.138","TCP","66","59208  >  443 [ACK] Seq=3189 Ack=1953 Win=303 Len=0 TSval=343077915 TSecr=2967862909"
"274","107.234085920","74.125.131.138","192.168.1.65","TLSv1.2","323","Application Data"
"275","107.234096995","192.168.1.65","74.125.131.138","TCP","66","59208  >  443 [ACK] Seq=3189 Ack=2210 Win=313 Len=0 TSval=343077915 TSecr=2967862911"
"276","107.234106807","74.125.131.138","192.168.1.65","TLSv1.2","162","Application Data"
"277","107.234109992","192.168.1.65","74.125.131.138","TCP","66","59208  >  443 [ACK] Seq=3189 Ack=2306 Win=313 Len=0 TSval=343077915 TSecr=2967862911"
"278","107.234114727","74.125.131.138","192.168.1.65","TLSv1.2","105","Application Data"
"279","107.234116913","192.168.1.65","74.125.131.138","TCP","66","59208  >  443 [ACK] Seq=3189 Ack=2345 Win=313 Len=0 TSval=343077915 TSecr=2967862912"
"280","107.234488629","192.168.1.65","74.125.131.138","TLSv1.2","105","Application Data"
"281","107.310871526","74.125.131.138","192.168.1.65","TCP","66","443  >  59208 [ACK] Seq=2345 Ack=3228 Win=291 Len=0 TSval=2967862989 TSecr=343077916"
"282","110.796724470","Sercomm_be:8c:a4","Broadcast","ARP","42","Who has 192.168.1.64? Tell 192.168.1.1"
"283","111.820707730","Sercomm_be:8c:a4","Broadcast","ARP","42","Who has 192.168.1.64? Tell 192.168.1.1"
"284","112.844705474","Sercomm_be:8c:a4","Broadcast","ARP","42","Who has 192.168.1.64? Tell 192.168.1.1"
"285","114.318864078","192.168.1.66","239.255.255.250","SSDP","167","M-SEARCH * HTTP/1.1 "
"286","114.605086763","192.168.1.66","239.255.255.250","SSDP","167","M-SEARCH * HTTP/1.1 "
"287","114.904402169","192.168.1.66","239.255.255.250","SSDP","167","M-SEARCH * HTTP/1.1 "
"288","118.142808849","192.168.1.65","77.88.55.80","TCP","66","[TCP Keep-Alive] 56222  >  443 [ACK] Seq=1 Ack=1 Win=363 Len=0 TSval=3340765029 TSecr=830496745"
"289","118.178788191","77.88.55.80","192.168.1.65","TCP","66","[TCP Keep-Alive ACK] 443  >  56222 [ACK] Seq=1 Ack=2 Win=177 Len=0 TSval=830508009 TSecr=3340726246"
"290","118.885530885","31.13.72.52","192.168.1.65","TLSv1.2","290","Application Data"
"291","118.885567837","192.168.1.65","31.13.72.52","TCP","66","46476  >  443 [ACK] Seq=1067 Ack=3404 Win=1444 Len=0 TSval=1051158681 TSecr=283472449"
"292","119.934809548","192.168.1.65","192.30.253.125","TCP","66","[TCP Keep-Alive] 51208  >  443 [ACK] Seq=57 Ack=49 Win=318 Len=0 TSval=2556090399 TSecr=3481208642"
"293","120.093508216","192.30.253.125","192.168.1.65","TCP","66","[TCP Keep-Alive ACK] 443  >  51208 [ACK] Seq=49 Ack=58 Win=31 Len=0 TSval=3481219983 TSecr=2556045035"
"294","121.475358130","192.168.1.66","224.0.0.251","MDNS","103","Standard query 0x0001 PTR _37F83649._sub._googlecast._tcp.local, ""QU"" question PTR _googlecast._tcp.local, ""QU"" question"
"295","122.480940271","192.168.1.66","224.0.0.251","MDNS","103","Standard query 0x0002 PTR _37F83649._sub._googlecast._tcp.local, ""QM"" question PTR _googlecast._tcp.local, ""QM"" question"
"296","123.500346993","192.168.1.66","224.0.0.251","MDNS","103","Standard query 0x0003 PTR _37F83649._sub._googlecast._tcp.local, ""QM"" question PTR _googlecast._tcp.local, ""QM"" question"
"297","124.631158579","31.13.72.52","192.168.1.65","TLSv1.2","274","Application Data"
"298","124.631194686","192.168.1.65","31.13.72.52","TCP","66","46476  >  443 [ACK] Seq=1067 Ack=3612 Win=1444 Len=0 TSval=1051164426 TSecr=283478196"
"299","128.570873062","192.30.253.125","192.168.1.65","TLSv1.2","90","Application Data"
"300","128.571042434","192.168.1.65","192.30.253.125","TLSv1.2","94","Application Data"
"301","128.728876799","192.30.253.125","192.168.1.65","TCP","66","443  >  51208 [ACK] Seq=73 Ack=86 Win=31 Len=0 TSval=3481222142 TSecr=2556099035"
"302","130.793270287","31.13.72.52","192.168.1.65","TLSv1.2","114","Application Data"
"303","130.793311708","192.168.1.65","31.13.72.52","TCP","66","46476  >  443 [ACK] Seq=1067 Ack=3660 Win=1444 Len=0 TSval=1051170588 TSecr=283484357"
"304","131.698763913","31.13.72.52","192.168.1.65","TLSv1.2","950","Application Data"
"305","131.698802712","192.168.1.65","31.13.72.52","TCP","66","46476  >  443 [ACK] Seq=1067 Ack=4544 Win=1444 Len=0 TSval=1051171494 TSecr=283485264"
"306","131.833790139","192.168.1.1","239.255.255.250","SSDP","304","NOTIFY * HTTP/1.1 "
"307","131.833816951","192.168.1.1","239.255.255.250","SSDP","376","NOTIFY * HTTP/1.1 "
"308","131.834341683","192.168.1.1","239.255.255.250","SSDP","313","NOTIFY * HTTP/1.1 "
"309","131.834864862","192.168.1.1","239.255.255.250","SSDP","372","NOTIFY * HTTP/1.1 "
"310","131.835419303","192.168.1.1","239.255.255.250","SSDP","313","NOTIFY * HTTP/1.1 "
"311","131.835906744","192.168.1.1","239.255.255.250","SSDP","352","NOTIFY * HTTP/1.1 "
"312","131.836460298","192.168.1.1","239.255.255.250","SSDP","313","NOTIFY * HTTP/1.1 "
"313","131.836982304","192.168.1.1","239.255.255.250","SSDP","352","NOTIFY * HTTP/1.1 "
"314","131.837445239","192.168.1.1","239.255.255.250","SSDP","313","NOTIFY * HTTP/1.1 "
"315","131.837961326","192.168.1.1","239.255.255.250","SSDP","368","NOTIFY * HTTP/1.1 "
"316","131.839120244","192.168.1.1","239.255.255.250","SSDP","384","NOTIFY * HTTP/1.1 "
"317","131.839144079","192.168.1.1","239.255.255.250","SSDP","378","NOTIFY * HTTP/1.1 "
"318","131.839666401","192.168.1.1","239.255.255.250","SSDP","366","NOTIFY * HTTP/1.1 "
"319","131.840225588","192.168.1.1","239.255.255.250","SSDP","382","NOTIFY * HTTP/1.1 "
"320","140.021152088","192.168.1.65","239.255.255.250","SSDP","209","M-SEARCH * HTTP/1.1 "
"321","140.244944242","192.168.1.65","31.13.72.52","TLSv1.2","185","Application Data"
"322","140.288746851","31.13.72.52","192.168.1.65","TCP","66","443  >  46476 [ACK] Seq=4544 Ack=1186 Win=229 Len=0 TSval=283493854 TSecr=1051180040"
"323","140.400392262","31.13.72.52","192.168.1.65","TLSv1.2","99","Application Data"
"324","140.400415011","192.168.1.65","31.13.72.52","TCP","66","46476  >  443 [ACK] Seq=1186 Ack=4577 Win=1444 Len=0 TSval=1051180195 TSecr=283493966"
"325","140.780255702","31.13.72.52","192.168.1.65","TLSv1.2","113","Application Data"
"326","140.780331892","192.168.1.65","31.13.72.52","TCP","66","46476  >  443 [ACK] Seq=1186 Ack=4624 Win=1444 Len=0 TSval=1051180575 TSecr=283494346"
"327","141.022258396","192.168.1.65","239.255.255.250","SSDP","209","M-SEARCH * HTTP/1.1 "
"328","141.583486506","192.168.1.65","31.13.72.52","TLSv1.2","192","Application Data"
"329","141.627112671","31.13.72.52","192.168.1.65","TCP","66","443  >  46476 [ACK] Seq=4624 Ack=1312 Win=229 Len=0 TSval=283495193 TSecr=1051181378"
"330","142.022814304","192.168.1.65","239.255.255.250","SSDP","209","M-SEARCH * HTTP/1.1 "
"331","142.744524358","192.168.1.65","31.13.72.52","TLSv1.2","217","Application Data"
"332","142.794678816","31.13.72.52","192.168.1.65","TCP","66","443  >  46476 [ACK] Seq=4624 Ack=1463 Win=238 Len=0 TSval=283496360 TSecr=1051182540"
"333","142.906065999","31.13.72.52","192.168.1.65","TLSv1.2","99","Application Data"
"334","142.906082500","192.168.1.65","31.13.72.52","TCP","66","46476  >  443 [ACK] Seq=1463 Ack=4657 Win=1444 Len=0 TSval=1051182701 TSecr=283496472"
"335","143.022963566","192.168.1.65","239.255.255.250","SSDP","209","M-SEARCH * HTTP/1.1 "
"336","143.234497353","31.13.72.52","192.168.1.65","TLSv1.2","113","Application Data"
"337","143.234525147","192.168.1.65","31.13.72.52","TCP","66","46476  >  443 [ACK] Seq=1463 Ack=4704 Win=1444 Len=0 TSval=1051183030 TSecr=283496800"
"338","143.445497592","192.168.1.65","74.125.131.138","TLSv1.2","187","Application Data"
"339","143.445558548","192.168.1.65","74.125.131.138","TLSv1.2","105","Application Data"
"340","143.445749637","192.168.1.65","74.125.131.138","TCP","1434","59208  >  443 [ACK] Seq=3388 Ack=2345 Win=313 Len=1368 TSval=343114127 TSecr=2967862989 [TCP segment of a reassembled PDU]"
"341","143.446085096","192.168.1.65","74.125.131.138","TLSv1.2","106","Application Data"
"342","143.482785538","74.125.131.138","192.168.1.65","TCP","66","443  >  59208 [ACK] Seq=2345 Ack=3349 Win=291 Len=0 TSval=2967899161 TSecr=343114126"
"343","143.482809171","74.125.131.138","192.168.1.65","TCP","66","443  >  59208 [ACK] Seq=2345 Ack=3388 Win=291 Len=0 TSval=2967899161 TSecr=343114127"
"344","143.482814723","74.125.131.138","192.168.1.65","TLSv1.2","105","Application Data"
"345","143.482825809","74.125.131.138","192.168.1.65","TCP","66","443  >  59208 [ACK] Seq=2384 Ack=4796 Win=302 Len=0 TSval=2967899162 TSecr=343114127"
"346","143.484706813","192.168.1.66","224.0.0.251","MDNS","103","Standard query 0x0004 PTR _37F83649._sub._googlecast._tcp.local, ""QM"" question PTR _googlecast._tcp.local, ""QM"" question"
"347","143.526798392","192.168.1.65","74.125.131.138","TCP","66","59208  >  443 [ACK] Seq=4796 Ack=2384 Win=313 Len=0 TSval=343114208 TSecr=2967899162"
"348","143.536749890","74.125.131.138","192.168.1.65","TLSv1.2","149","Application Data"
"349","143.536780901","192.168.1.65","74.125.131.138","TCP","66","59208  >  443 [ACK] Seq=4796 Ack=2467 Win=313 Len=0 TSval=343114218 TSecr=2967899216"
"350","143.536812923","74.125.131.138","192.168.1.65","TLSv1.2","545","Application Data"
"351","143.536825953","192.168.1.65","74.125.131.138","TCP","66","59208  >  443 [ACK] Seq=4796 Ack=2946 Win=323 Len=0 TSval=343114218 TSecr=2967899216"
"352","143.538391255","74.125.131.138","192.168.1.65","TLSv1.2","350","Application Data"
"353","143.538417678","192.168.1.65","74.125.131.138","TCP","66","59208  >  443 [ACK] Seq=4796 Ack=3230 Win=333 Len=0 TSval=343114219 TSecr=2967899217"
"354","143.563890842","74.125.131.138","192.168.1.65","TLSv1.2","196","Application Data, Application Data"
"355","143.563909617","192.168.1.65","74.125.131.138","TCP","66","59208  >  443 [ACK] Seq=4796 Ack=3360 Win=343 Len=0 TSval=343114245 TSecr=2967899242"
"356","143.564330998","192.168.1.65","74.125.131.138","TLSv1.2","105","Application Data"
"357","143.647269567","74.125.131.138","192.168.1.65","TCP","66","443  >  59208 [ACK] Seq=3360 Ack=4835 Win=302 Len=0 TSval=2967899326 TSecr=343114245"
"358","145.275984328","192.168.1.65","31.13.72.52","TLSv1.2","192","Application Data"
"359","145.276410059","192.168.1.65","31.13.72.52","TLSv1.2","279","Application Data"
"360","145.319760355","31.13.72.52","192.168.1.65","TCP","66","443  >  46476 [ACK] Seq=4704 Ack=1589 Win=238 Len=0 TSval=283498885 TSecr=1051185071"
"361","145.319798012","31.13.72.52","192.168.1.65","TCP","66","443  >  46476 [ACK] Seq=4704 Ack=1802 Win=247 Len=0 TSval=283498886 TSecr=1051185071"
"362","145.431794125","31.13.72.52","192.168.1.65","TLSv1.2","111","Application Data"
"363","145.431843747","192.168.1.65","31.13.72.52","TCP","66","46476  >  443 [ACK] Seq=1802 Ack=4749 Win=1444 Len=0 TSval=1051185227 TSecr=283498998"
"364","145.839550272","31.13.72.52","192.168.1.65","TLSv1.2","140","Application Data"
"365","145.839579084","192.168.1.65","31.13.72.52","TCP","66","46476  >  443 [ACK] Seq=1802 Ack=4823 Win=1444 Len=0 TSval=1051185635 TSecr=283499405"
"366","146.252990503","192.168.1.65","31.13.72.52","TLSv1.2","192","Application Data"
"367","146.298732094","31.13.72.52","192.168.1.65","TCP","66","443  >  46476 [ACK] Seq=4823 Ack=1928 Win=247 Len=0 TSval=283499864 TSecr=1051186048"
"368","146.335262251","31.13.72.52","192.168.1.65","TLSv1.2","219","Application Data"
"369","146.335290744","192.168.1.65","31.13.72.52","TCP","66","46476  >  443 [ACK] Seq=1928 Ack=4976 Win=1444 Len=0 TSval=1051186130 TSecr=283499899"
"370","148.862763088","192.168.1.65","64.233.161.188","TCP","66","[TCP Dup ACK 32#3] 44280  >  5228 [ACK] Seq=1 Ack=1 Win=451 Len=0 TSval=1601935551 TSecr=3147822311"
"371","148.903001197","64.233.161.188","192.168.1.65","TCP","66","[TCP Dup ACK 33#3] [TCP ACKed unseen segment] 5228  >  44280 [ACK] Seq=1 Ack=2 Win=248 Len=0 TSval=3147867367 TSecr=1601167881"
"372","150.273758396","192.168.1.65","31.13.72.52","TLSv1.2","192","Application Data"
"373","150.274164054","192.168.1.65","31.13.72.52","TLSv1.2","279","Application Data"
"374","150.317591134","31.13.72.52","192.168.1.65","TCP","66","443  >  46476 [ACK] Seq=4976 Ack=2267 Win=256 Len=0 TSval=283503883 TSecr=1051190069"
"375","150.430069205","31.13.72.52","192.168.1.65","TLSv1.2","111","Application Data"
"376","150.430100860","192.168.1.65","31.13.72.52","TCP","66","46476  >  443 [ACK] Seq=2267 Ack=5021 Win=1444 Len=0 TSval=1051190225 TSecr=283503996"
"377","150.916552582","31.13.72.52","192.168.1.65","TLSv1.2","140","Application Data"
"378","150.916576204","192.168.1.65","31.13.72.52","TCP","66","46476  >  443 [ACK] Seq=2267 Ack=5095 Win=1444 Len=0 TSval=1051190712 TSecr=283504482"
"379","151.397314028","31.13.72.52","192.168.1.65","TLSv1.2","219","Application Data"
"380","151.397340401","192.168.1.65","31.13.72.52","TCP","66","46476  >  443 [ACK] Seq=2267 Ack=5248 Win=1444 Len=0 TSval=1051191192 TSecr=283504962"
"381","151.756584513","Sercomm_be:8c:a4","Broadcast","ARP","42","Who has 192.168.1.64? Tell 192.168.1.1"
"382","152.780653688","Sercomm_be:8c:a4","Broadcast","ARP","42","Who has 192.168.1.64? Tell 192.168.1.1"
"383","153.688481190","Sercomm_be:8c:a4","Broadcast","ARP","42","Who has 192.168.1.64? Tell 192.168.1.1"
"384","154.726274843","Sercomm_be:8c:a4","Broadcast","ARP","42","Who has 192.168.1.64? Tell 192.168.1.1"
"385","155.750268850","Sercomm_be:8c:a4","Broadcast","ARP","42","Who has 192.168.1.64? Tell 192.168.1.1"
"386","156.774269963","Sercomm_be:8c:a4","Broadcast","ARP","42","Who has 192.168.1.64? Tell 192.168.1.1"
"387","160.456011427","31.13.72.52","192.168.1.65","TLSv1.2","182","Application Data"
"388","160.456047611","192.168.1.65","31.13.72.52","TCP","66","46476  >  443 [ACK] Seq=2267 Ack=5364 Win=1444 Len=0 TSval=1051200251 TSecr=283514022"
"389","160.767899184","Sercomm_be:8c:a4","Broadcast","ARP","42","Who has 192.168.1.64? Tell 192.168.1.1"
"390","161.791846864","Sercomm_be:8c:a4","Broadcast","ARP","42","Who has 192.168.1.64? Tell 192.168.1.1"
"391","161.893839969","192.168.1.1","239.255.255.250","SSDP","304","NOTIFY * HTTP/1.1 "
"392","161.995756063","192.168.1.1","239.255.255.250","SSDP","376","NOTIFY * HTTP/1.1 "
"393","162.098189484","192.168.1.1","239.255.255.250","SSDP","313","NOTIFY * HTTP/1.1 "
"394","162.200576955","192.168.1.1","239.255.255.250","SSDP","372","NOTIFY * HTTP/1.1 "
"395","162.303476948","192.168.1.1","239.255.255.250","SSDP","313","NOTIFY * HTTP/1.1 "
"396","162.405385873","192.168.1.1","239.255.255.250","SSDP","352","NOTIFY * HTTP/1.1 "
"397","162.507810067","192.168.1.1","239.255.255.250","SSDP","313","NOTIFY * HTTP/1.1 "
"398","162.610220596","192.168.1.1","239.255.255.250","SSDP","352","NOTIFY * HTTP/1.1 "
"399","162.713099417","192.168.1.1","239.255.255.250","SSDP","313","NOTIFY * HTTP/1.1 "
"400","162.815011082","192.168.1.1","239.255.255.250","SSDP","368","NOTIFY * HTTP/1.1 "
"401","162.917356251","192.168.1.1","239.255.255.250","SSDP","384","NOTIFY * HTTP/1.1 "
"402","163.019771033","192.168.1.1","239.255.255.250","SSDP","378","NOTIFY * HTTP/1.1 "
"403","163.122184698","192.168.1.1","239.255.255.250","SSDP","366","NOTIFY * HTTP/1.1 "
"404","163.198810457","192.168.1.65","77.88.55.80","TCP","66","[TCP Keep-Alive] 56222  >  443 [ACK] Seq=1 Ack=1 Win=363 Len=0 TSval=3340810085 TSecr=830508009"
"405","163.224594765","192.168.1.1","239.255.255.250","SSDP","382","NOTIFY * HTTP/1.1 "
"406","163.234962777","77.88.55.80","192.168.1.65","TCP","66","[TCP Keep-Alive ACK] 443  >  56222 [ACK] Seq=1 Ack=2 Win=177 Len=0 TSval=830519273 TSecr=3340726246"
"407","163.327887810","Sercomm_be:8c:a4","Broadcast","ARP","42","Who has 192.168.1.64? Tell 192.168.1.1"
"408","163.504046304","192.168.1.66","224.0.0.251","MDNS","103","Standard query 0x0005 PTR _37F83649._sub._googlecast._tcp.local, ""QM"" question PTR _googlecast._tcp.local, ""QM"" question"
"409","166.546125849","192.168.1.1","224.0.0.1","IGMPv3","50","Membership Query, general"
"410","168.830816903","192.168.1.65","224.0.0.22","IGMPv3","54","Membership Report / Join group 224.0.0.251 for any sources"
"411","169.534478521","192.168.1.65","31.13.72.52","TLSv1.2","192","Application Data"
"412","169.619087585","31.13.72.52","192.168.1.65","TCP","66","443  >  46476 [ACK] Seq=5364 Ack=2393 Win=256 Len=0 TSval=283523185 TSecr=1051209329"
"413","170.051875076","31.13.72.52","192.168.1.65","TLSv1.2","169","Application Data"
"414","170.051917161","192.168.1.65","31.13.72.52","TCP","66","46476  >  443 [ACK] Seq=2393 Ack=5467 Win=1444 Len=0 TSval=1051209847 TSecr=283523618"
"415","173.950785502","192.168.1.65","192.30.253.125","TCP","66","[TCP Keep-Alive] 51208  >  443 [ACK] Seq=85 Ack=73 Win=318 Len=0 TSval=2556144415 TSecr=3481222142"
"416","174.108432362","192.30.253.125","192.168.1.65","TCP","66","[TCP Keep-Alive ACK] 443  >  51208 [ACK] Seq=73 Ack=86 Win=31 Len=0 TSval=3481233487 TSecr=2556099035"
"417","175.217655921","Sercomm_be:8c:a4","Broadcast","ARP","42","Who has 192.168.1.64? Tell 192.168.1.1"
"418","175.218573227","Sercomm_be:8c:a4","Broadcast","ARP","42","Who has 192.168.1.64? Tell 192.168.1.1"
"419","175.219486671","Sercomm_be:8c:a4","Broadcast","ARP","42","Who has 192.168.1.66? Tell 192.168.1.1"
"420","175.220391007","Sercomm_be:8c:a4","Broadcast","ARP","42","Who has 192.168.1.66? Tell 192.168.1.1"
"421","175.222516148","Sercomm_be:8c:a4","Broadcast","ARP","42","Who has 192.168.1.65? Tell 192.168.1.1"
"422","175.222538032","Azurewav_63:8a:9d","Sercomm_be:8c:a4","ARP","42","192.168.1.65 is at 24:0a:64:63:8a:9d"
"423","175.223419796","Sercomm_be:8c:a4","Broadcast","ARP","42","Who has 192.168.1.65? Tell 192.168.1.1"
"424","175.223442535","Azurewav_63:8a:9d","Sercomm_be:8c:a4","ARP","42","192.168.1.65 is at 24:0a:64:63:8a:9d"
"425","180.652012674","31.13.72.52","192.168.1.65","TLSv1.2","165","Application Data"
"426","180.652042473","192.168.1.65","31.13.72.52","TCP","66","46476  >  443 [ACK] Seq=2393 Ack=5566 Win=1444 Len=0 TSval=1051220447 TSecr=283534217"
"427","180.853746330","31.13.72.52","192.168.1.65","TLSv1.2","219","Application Data"
"428","180.853776577","192.168.1.65","31.13.72.52","TCP","66","46476  >  443 [ACK] Seq=2393 Ack=5719 Win=1444 Len=0 TSval=1051220649 TSecr=283534419"
"429","180.853817471","31.13.72.52","192.168.1.65","TLSv1.2","219","Application Data"
"430","180.853829282","192.168.1.65","31.13.72.52","TCP","66","46476  >  443 [ACK] Seq=2393 Ack=5872 Win=1444 Len=0 TSval=1051220649 TSecr=283534419"
"431","182.570658434","192.30.253.125","192.168.1.65","TLSv1.2","90","Application Data"
"432","182.570839806","192.168.1.65","192.30.253.125","TLSv1.2","94","Application Data"
"433","182.728597415","192.30.253.125","192.168.1.65","TCP","66","443  >  51208 [ACK] Seq=97 Ack=114 Win=31 Len=0 TSval=3481235642 TSecr=2556153035"
"434","183.491533283","192.168.1.66","224.0.0.251","MDNS","103","Standard query 0x0006 PTR _37F83649._sub._googlecast._tcp.local, ""QM"" question PTR _googlecast._tcp.local, ""QM"" question"
"435","189.822809448","192.168.1.65","74.125.131.138","TCP","66","[TCP Keep-Alive] 59208  >  443 [ACK] Seq=4834 Ack=3360 Win=343 Len=0 TSval=343160504 TSecr=2967899326"
"436","189.861340010","74.125.131.138","192.168.1.65","TCP","66","[TCP Keep-Alive ACK] 443  >  59208 [ACK] Seq=3360 Ack=4835 Win=302 Len=0 TSval=2967945540 TSecr=343114245"
"437","191.840058176","192.168.1.1","239.255.255.250","SSDP","382","NOTIFY * HTTP/1.1 "
"438","191.884633999","192.168.1.1","239.255.255.250","SSDP","304","NOTIFY * HTTP/1.1 "
"439","191.884658310","192.168.1.1","239.255.255.250","SSDP","376","NOTIFY * HTTP/1.1 "
"440","191.885181183","192.168.1.1","239.255.255.250","SSDP","313","NOTIFY * HTTP/1.1 "
"441","191.885679780","192.168.1.1","239.255.255.250","SSDP","372","NOTIFY * HTTP/1.1 "
"442","191.886232041","192.168.1.1","239.255.255.250","SSDP","313","NOTIFY * HTTP/1.1 "
"443","191.886752284","192.168.1.1","239.255.255.250","SSDP","352","NOTIFY * HTTP/1.1 "
"444","191.887766186","192.168.1.1","239.255.255.250","SSDP","313","NOTIFY * HTTP/1.1 "
"445","191.887790107","192.168.1.1","239.255.255.250","SSDP","352","NOTIFY * HTTP/1.1 "
"446","191.888286499","192.168.1.1","239.255.255.250","SSDP","313","NOTIFY * HTTP/1.1 "
"447","191.888804270","192.168.1.1","239.255.255.250","SSDP","368","NOTIFY * HTTP/1.1 "
"448","191.889858972","192.168.1.1","239.255.255.250","SSDP","384","NOTIFY * HTTP/1.1 "
"449","191.889875495","192.168.1.1","239.255.255.250","SSDP","378","NOTIFY * HTTP/1.1 "
"450","191.890461670","192.168.1.1","239.255.255.250","SSDP","366","NOTIFY * HTTP/1.1 "
"451","193.629715858","31.13.72.52","192.168.1.65","TLSv1.2","289","Application Data"
"452","193.629755274","192.168.1.65","31.13.72.52","TCP","66","46476  >  443 [ACK] Seq=2393 Ack=6095 Win=1444 Len=0 TSval=1051233425 TSecr=283547196"
"453","193.865718851","192.168.1.65","74.125.131.138","TLSv1.2","187","Application Data"
"454","193.865763474","192.168.1.65","74.125.131.138","TLSv1.2","105","Application Data"
"455","193.865907391","192.168.1.65","74.125.131.138","TCP","1434","59208  >  443 [ACK] Seq=4995 Ack=3360 Win=343 Len=1368 TSval=343164547 TSecr=2967945540 [TCP segment of a reassembled PDU]"
"456","193.866102783","192.168.1.65","74.125.131.138","TLSv1.2","116","Application Data"
"457","193.902881985","74.125.131.138","192.168.1.65","TCP","66","443  >  59208 [ACK] Seq=3360 Ack=4956 Win=302 Len=0 TSval=2967949582 TSecr=343164547"
"458","193.902907946","74.125.131.138","192.168.1.65","TCP","66","443  >  59208 [ACK] Seq=3360 Ack=4995 Win=302 Len=0 TSval=2967949582 TSecr=343164547"
"459","193.902914833","74.125.131.138","192.168.1.65","TLSv1.2","105","Application Data"
"460","193.902930926","74.125.131.138","192.168.1.65","TCP","66","443  >  59208 [ACK] Seq=3399 Ack=6413 Win=313 Len=0 TSval=2967949582 TSecr=343164547"
"461","193.918774889","192.168.1.65","64.233.161.188","TCP","66","[TCP Dup ACK 32#4] 44280  >  5228 [ACK] Seq=1 Ack=1 Win=451 Len=0 TSval=1601980607 TSecr=3147867367"
"462","193.958712301","64.233.161.188","192.168.1.65","TCP","66","[TCP Dup ACK 33#4] [TCP ACKed unseen segment] 5228  >  44280 [ACK] Seq=1 Ack=2 Win=248 Len=0 TSval=3147912423 TSecr=1601167881"
"463","193.958754641","192.168.1.65","74.125.131.138","TCP","66","59208  >  443 [ACK] Seq=6413 Ack=3399 Win=343 Len=0 TSval=343164640 TSecr=2967949582"
"464","193.989594503","74.125.131.138","192.168.1.65","TLSv1.2","149","Application Data"
"465","193.989614143","192.168.1.65","74.125.131.138","TCP","66","59208  >  443 [ACK] Seq=6413 Ack=3482 Win=343 Len=0 TSval=343164671 TSecr=2967949669"
"466","193.989640613","74.125.131.138","192.168.1.65","TLSv1.2","620","Application Data"
"467","193.989648152","192.168.1.65","74.125.131.138","TCP","66","59208  >  443 [ACK] Seq=6413 Ack=4036 Win=352 Len=0 TSval=343164671 TSecr=2967949669"
"468","193.992234588","74.125.131.138","192.168.1.65","TLSv1.2","274","Application Data"
"469","193.992252919","192.168.1.65","74.125.131.138","TCP","66","59208  >  443 [ACK] Seq=6413 Ack=4244 Win=362 Len=0 TSval=343164673 TSecr=2967949671"
"470","193.992274434","74.125.131.138","192.168.1.65","TLSv1.2","153","Application Data"
"471","193.992277850","192.168.1.65","74.125.131.138","TCP","66","59208  >  443 [ACK] Seq=6413 Ack=4331 Win=362 Len=0 TSval=343164673 TSecr=2967949671"
"472","193.992286132","74.125.131.138","192.168.1.65","TLSv1.2","105","Application Data"
"473","193.992288783","192.168.1.65","74.125.131.138","TCP","66","59208  >  443 [ACK] Seq=6413 Ack=4370 Win=362 Len=0 TSval=343164673 TSecr=2967949671"
"474","193.992778933","192.168.1.65","74.125.131.138","TLSv1.2","105","Application Data"
"475","194.068857408","74.125.131.138","192.168.1.65","TCP","66","443  >  59208 [ACK] Seq=4370 Ack=6452 Win=313 Len=0 TSval=2967949748 TSecr=343164674"
"476","201.994919366","192.168.1.66","224.0.0.251","MDNS","103","Standard query 0x0001 PTR _37F83649._sub._googlecast._tcp.local, ""QU"" question PTR _googlecast._tcp.local, ""QU"" question"
"477","208.254806274","192.168.1.65","77.88.55.80","TCP","66","[TCP Keep-Alive] 56222  >  443 [ACK] Seq=1 Ack=1 Win=363 Len=0 TSval=3340855141 TSecr=830519273"
"478","208.290781933","77.88.55.80","192.168.1.65","TCP","66","[TCP Keep-Alive ACK] 443  >  56222 [ACK] Seq=1 Ack=2 Win=177 Len=0 TSval=830530537 TSecr=3340726246"
"479","210.414817839","192.168.1.66","224.0.0.251","MDNS","103","Standard query 0x0001 PTR _37F83649._sub._googlecast._tcp.local, ""QU"" question PTR _googlecast._tcp.local, ""QU"" question"
"480","210.462341475","192.168.1.66","224.0.0.251","MDNS","103","Standard query 0x0001 PTR _37F83649._sub._googlecast._tcp.local, ""QU"" question PTR _googlecast._tcp.local, ""QU"" question"
"481","212.668242298","31.13.72.52","192.168.1.65","TLSv1.2","273","Application Data"
"482","212.668297145","192.168.1.65","31.13.72.52","TCP","66","46476  >  443 [ACK] Seq=2393 Ack=6302 Win=1444 Len=0 TSval=1051252463 TSecr=283566234"
"483","216.864374988","192.168.1.66","224.0.0.251","MDNS","103","Standard query 0x0001 PTR _37F83649._sub._googlecast._tcp.local, ""QU"" question PTR _googlecast._tcp.local, ""QU"" question"
"484","216.864424700","192.168.1.66","224.0.0.251","MDNS","103","Standard query 0x0001 PTR _37F83649._sub._googlecast._tcp.local, ""QU"" question PTR _googlecast._tcp.local, ""QU"" question"
"485","217.840033708","192.168.1.66","224.0.0.251","MDNS","103","Standard query 0x0001 PTR _37F83649._sub._googlecast._tcp.local, ""QU"" question PTR _googlecast._tcp.local, ""QU"" question"
"486","218.843874038","192.168.1.66","224.0.0.251","MDNS","103","Standard query 0x0002 PTR _37F83649._sub._googlecast._tcp.local, ""QM"" question PTR _googlecast._tcp.local, ""QM"" question"
"487","219.851966215","192.168.1.66","224.0.0.251","MDNS","103","Standard query 0x0003 PTR _37F83649._sub._googlecast._tcp.local, ""QM"" question PTR _googlecast._tcp.local, ""QM"" question"
"488","221.845654687","192.168.1.1","239.255.255.250","SSDP","304","NOTIFY * HTTP/1.1 "
"489","221.846442247","192.168.1.1","239.255.255.250","SSDP","376","NOTIFY * HTTP/1.1 "
"490","221.846469290","192.168.1.1","239.255.255.250","SSDP","313","NOTIFY * HTTP/1.1 "
"491","221.847987668","192.168.1.1","239.255.255.250","SSDP","313","NOTIFY * HTTP/1.1 "
"492","221.849521437","192.168.1.1","239.255.255.250","SSDP","352","NOTIFY * HTTP/1.1 "
"493","221.849556964","192.168.1.1","239.255.255.250","SSDP","313","NOTIFY * HTTP/1.1 "
"494","221.850005150","192.168.1.1","239.255.255.250","SSDP","368","NOTIFY * HTTP/1.1 "
"495","221.850534528","192.168.1.1","239.255.255.250","SSDP","384","NOTIFY * HTTP/1.1 "
"496","221.851142368","192.168.1.1","239.255.255.250","SSDP","378","NOTIFY * HTTP/1.1 "
"497","221.851686510","192.168.1.1","239.255.255.250","SSDP","366","NOTIFY * HTTP/1.1 "
"498","221.852247111","192.168.1.1","239.255.255.250","SSDP","382","NOTIFY * HTTP/1.1 "
"499","227.966814760","192.168.1.65","192.30.253.125","TCP","66","[TCP Keep-Alive] 51208  >  443 [ACK] Seq=113 Ack=97 Win=318 Len=0 TSval=2556198431 TSecr=3481235642"
"500","228.124450431","192.30.253.125","192.168.1.65","TCP","66","[TCP Keep-Alive ACK] 443  >  51208 [ACK] Seq=97 Ack=114 Win=31 Len=0 TSval=3481246991 TSecr=2556153035"
"501","228.531367479","192.168.1.65","31.13.72.52","TLSv1.2","97","Application Data"
"502","228.576035887","31.13.72.52","192.168.1.65","TCP","66","443  >  46476 [ACK] Seq=6302 Ack=2424 Win=256 Len=0 TSval=283582141 TSecr=1051268326"
"503","228.688253951","31.13.72.52","192.168.1.65","TLSv1.2","104","Application Data"
"504","228.688280402","192.168.1.65","31.13.72.52","TCP","66","46476  >  443 [ACK] Seq=2424 Ack=6340 Win=1444 Len=0 TSval=1051268483 TSecr=283582253"
"505","230.612583775","Sercomm_be:8c:a4","Broadcast","ARP","42","Who has 192.168.1.64? Tell 192.168.1.1"
"506","231.612581665","Sercomm_be:8c:a4","Broadcast","ARP","42","Who has 192.168.1.64? Tell 192.168.1.1"
"507","232.652666004","Sercomm_be:8c:a4","Broadcast","ARP","42","Who has 192.168.1.64? Tell 192.168.1.1"
"508","234.445561905","Sercomm_be:8c:a4","Broadcast","ARP","42","Who has 192.168.1.64? Tell 192.168.1.1"
"509","235.446699439","Sercomm_be:8c:a4","Broadcast","ARP","42","Who has 192.168.1.64? Tell 192.168.1.1"
"510","236.543855902","Sercomm_be:8c:a4","Broadcast","ARP","42","Who has 192.168.1.64? Tell 192.168.1.1"
"511","236.572343543","192.30.253.125","192.168.1.65","TLSv1.2","90","Application Data"
"512","236.572551912","192.168.1.65","192.30.253.125","TLSv1.2","94","Application Data"
"513","236.730233539","192.30.253.125","192.168.1.65","TCP","66","443  >  51208 [ACK] Seq=121 Ack=142 Win=31 Len=0 TSval=3481249142 TSecr=2556207036"
"514","238.974815178","192.168.1.65","64.233.161.188","TCP","66","[TCP Dup ACK 32#5] 44280  >  5228 [ACK] Seq=1 Ack=1 Win=451 Len=0 TSval=1602025663 TSecr=3147912423"
"515","239.014916904","64.233.161.188","192.168.1.65","TCP","66","[TCP Dup ACK 33#5] [TCP ACKed unseen segment] 5228  >  44280 [ACK] Seq=1 Ack=2 Win=248 Len=0 TSval=3147957480 TSecr=1601167881"
"516","239.230816741","192.168.1.65","74.125.131.138","TCP","66","[TCP Keep-Alive] 59208  >  443 [ACK] Seq=6451 Ack=4370 Win=362 Len=0 TSval=343209912 TSecr=2967949748"
"517","239.267455423","74.125.131.138","192.168.1.65","TCP","66","[TCP Keep-Alive ACK] 443  >  59208 [ACK] Seq=4370 Ack=6452 Win=313 Len=0 TSval=2967994947 TSecr=343164674"
"518","239.850549765","192.168.1.66","224.0.0.251","MDNS","103","Standard query 0x0004 PTR _37F83649._sub._googlecast._tcp.local, ""QM"" question PTR _googlecast._tcp.local, ""QM"" question"
"519","248.531188905","192.168.1.65","31.13.72.52","TLSv1.2","97","Application Data"
"520","248.574924990","31.13.72.52","192.168.1.65","TCP","66","443  >  46476 [ACK] Seq=6340 Ack=2455 Win=256 Len=0 TSval=283602141 TSecr=1051288326"
"521","248.686671658","31.13.72.52","192.168.1.65","TLSv1.2","104","Application Data"
"522","248.686700351","192.168.1.65","31.13.72.52","TCP","66","46476  >  443 [ACK] Seq=2455 Ack=6378 Win=1444 Len=0 TSval=1051288482 TSecr=283602253"
"523","250.367888246","Sercomm_be:8c:a4","Broadcast","ARP","42","Who has 192.168.1.64? Tell 192.168.1.1"
"524","251.289433926","Sercomm_be:8c:a4","Broadcast","ARP","42","Who has 192.168.1.64? Tell 192.168.1.1"
"525","251.844847135","192.168.1.1","239.255.255.250","SSDP","304","NOTIFY * HTTP/1.1 "
"526","251.846230832","192.168.1.1","239.255.255.250","SSDP","376","NOTIFY * HTTP/1.1 "
"527","251.846900981","192.168.1.1","239.255.255.250","SSDP","313","NOTIFY * HTTP/1.1 "
"528","251.846925011","192.168.1.1","239.255.255.250","SSDP","372","NOTIFY * HTTP/1.1 "
"529","251.847448822","192.168.1.1","239.255.255.250","SSDP","313","NOTIFY * HTTP/1.1 "
"530","251.847970678","192.168.1.1","239.255.255.250","SSDP","352","NOTIFY * HTTP/1.1 "
"531","251.848498557","192.168.1.1","239.255.255.250","SSDP","313","NOTIFY * HTTP/1.1 "
"532","251.849017336","192.168.1.1","239.255.255.250","SSDP","352","NOTIFY * HTTP/1.1 "
"533","251.849564696","192.168.1.1","239.255.255.250","SSDP","313","NOTIFY * HTTP/1.1 "
"534","251.850072525","192.168.1.1","239.255.255.250","SSDP","368","NOTIFY * HTTP/1.1 "
"535","251.851144021","192.168.1.1","239.255.255.250","SSDP","384","NOTIFY * HTTP/1.1 "
"536","251.851160333","192.168.1.1","239.255.255.250","SSDP","378","NOTIFY * HTTP/1.1 "
"537","251.851694638","192.168.1.1","239.255.255.250","SSDP","366","NOTIFY * HTTP/1.1 "
"538","251.852301300","192.168.1.1","239.255.255.250","SSDP","382","NOTIFY * HTTP/1.1 "
"539","252.256539167","Sercomm_be:8c:a4","Broadcast","ARP","42","Who has 192.168.1.64? Tell 192.168.1.1"
"540","253.310799460","192.168.1.65","77.88.55.80","TCP","66","[TCP Keep-Alive] 56222  >  443 [ACK] Seq=1 Ack=1 Win=363 Len=0 TSval=3340900197 TSecr=830530537"
"541","253.346810268","77.88.55.80","192.168.1.65","TCP","66","[TCP Keep-Alive ACK] 443  >  56222 [ACK] Seq=1 Ack=2 Win=177 Len=0 TSval=830541801 TSecr=3340726246"
"542","259.849169873","192.168.1.66","224.0.0.251","MDNS","103","Standard query 0x0005 PTR _37F83649._sub._googlecast._tcp.local, ""QM"" question PTR _googlecast._tcp.local, ""QM"" question"
"543","260.021807407","192.168.1.65","239.255.255.250","SSDP","209","M-SEARCH * HTTP/1.1 "
"544","260.274689461","Sercomm_be:8c:a4","Broadcast","ARP","42","Who has 192.168.1.64? Tell 192.168.1.1"
"545","260.275588573","Sercomm_be:8c:a4","Broadcast","ARP","42","Who has 192.168.1.64? Tell 192.168.1.1"
"546","260.276518608","Sercomm_be:8c:a4","Broadcast","ARP","42","Who has 192.168.1.66? Tell 192.168.1.1"
"547","260.277442039","Sercomm_be:8c:a4","Broadcast","ARP","42","Who has 192.168.1.66? Tell 192.168.1.1"
"548","260.279559505","Sercomm_be:8c:a4","Broadcast","ARP","42","Who has 192.168.1.65? Tell 192.168.1.1"
"549","260.279578393","Azurewav_63:8a:9d","Sercomm_be:8c:a4","ARP","42","192.168.1.65 is at 24:0a:64:63:8a:9d"
"550","260.280459790","Sercomm_be:8c:a4","Broadcast","ARP","42","Who has 192.168.1.65? Tell 192.168.1.1"
"551","260.280477233","Azurewav_63:8a:9d","Sercomm_be:8c:a4","ARP","42","192.168.1.65 is at 24:0a:64:63:8a:9d"
"552","261.023111236","192.168.1.65","239.255.255.250","SSDP","209","M-SEARCH * HTTP/1.1 "
"553","262.024274054","192.168.1.65","239.255.255.250","SSDP","209","M-SEARCH * HTTP/1.1 "
"554","263.025226711","192.168.1.65","239.255.255.250","SSDP","209","M-SEARCH * HTTP/1.1 "
"555","265.531213212","192.168.1.65","31.13.72.52","TLSv1.2","97","Application Data"
"556","265.574666075","31.13.72.52","192.168.1.65","TCP","66","443  >  46476 [ACK] Seq=6378 Ack=2486 Win=256 Len=0 TSval=283619141 TSecr=1051305326"
"557","265.686807032","31.13.72.52","192.168.1.65","TLSv1.2","104","Application Data"
"558","265.686837466","192.168.1.65","31.13.72.52","TCP","66","46476  >  443 [ACK] Seq=2486 Ack=6416 Win=1444 Len=0 TSval=1051305482 TSecr=283619253"
"559","279.866139325","192.168.1.66","224.0.0.251","MDNS","103","Standard query 0x0006 PTR _37F83649._sub._googlecast._tcp.local, ""QM"" question PTR _googlecast._tcp.local, ""QM"" question"
"560","281.191437044","192.168.1.65","64.233.161.188","TLSv1.2","92","[TCP Previous segment not captured] , Application Data"
"561","281.231996002","64.233.161.188","192.168.1.65","TLSv1.2","92","[TCP ACKed unseen segment] , Application Data"
"562","281.232026988","192.168.1.65","64.233.161.188","TCP","66","44280  >  5228 [ACK] Seq=28 Ack=27 Win=451 Len=0 TSval=1602067920 TSecr=3147999697"
"563","281.845837652","192.168.1.1","239.255.255.250","SSDP","304","NOTIFY * HTTP/1.1 "
"564","281.845857630","192.168.1.1","239.255.255.250","SSDP","376","NOTIFY * HTTP/1.1 "
"565","281.846369204","192.168.1.1","239.255.255.250","SSDP","313","NOTIFY * HTTP/1.1 "
"566","281.846891126","192.168.1.1","239.255.255.250","SSDP","372","NOTIFY * HTTP/1.1 "
"567","281.847449994","192.168.1.1","239.255.255.250","SSDP","313","NOTIFY * HTTP/1.1 "
"568","281.847950236","192.168.1.1","239.255.255.250","SSDP","352","NOTIFY * HTTP/1.1 "
"569","281.848472401","192.168.1.1","239.255.255.250","SSDP","313","NOTIFY * HTTP/1.1 "
"570","281.848972156","192.168.1.1","239.255.255.250","SSDP","352","NOTIFY * HTTP/1.1 "
"571","281.849456714","192.168.1.1","239.255.255.250","SSDP","313","NOTIFY * HTTP/1.1 "
"572","281.849964541","192.168.1.1","239.255.255.250","SSDP","368","NOTIFY * HTTP/1.1 "
"573","281.851067741","192.168.1.1","239.255.255.250","SSDP","384","NOTIFY * HTTP/1.1 "
"574","281.851078169","192.168.1.1","239.255.255.250","SSDP","378","NOTIFY * HTTP/1.1 "
"575","281.851662837","192.168.1.1","239.255.255.250","SSDP","366","NOTIFY * HTTP/1.1 "
"576","281.852196347","192.168.1.1","239.255.255.250","SSDP","382","NOTIFY * HTTP/1.1 "
"577","281.982787605","192.168.1.65","192.30.253.125","TCP","66","[TCP Keep-Alive] 51208  >  443 [ACK] Seq=141 Ack=121 Win=318 Len=0 TSval=2556252447 TSecr=3481249142"
"578","282.140829311","192.30.253.125","192.168.1.65","TCP","66","[TCP Keep-Alive ACK] 443  >  51208 [ACK] Seq=121 Ack=142 Win=31 Len=0 TSval=3481260495 TSecr=2556207036"
"579","286.078742241","192.168.1.65","74.125.131.138","TCP","66","[TCP Keep-Alive] 59208  >  443 [ACK] Seq=6451 Ack=4370 Win=362 Len=0 TSval=343256760 TSecr=2967994947"
"580","286.115554966","74.125.131.138","192.168.1.65","TCP","66","[TCP Keep-Alive ACK] 443  >  59208 [ACK] Seq=4370 Ack=6452 Win=313 Len=0 TSval=2968041795 TSecr=343164674"
"581","290.531497171","192.168.1.65","31.13.72.52","TLSv1.2","97","Application Data"
"582","290.570649126","192.30.253.125","192.168.1.65","TLSv1.2","90","Application Data"
"583","290.570909287","192.168.1.65","192.30.253.125","TLSv1.2","94","Application Data"
"584","290.575440358","31.13.72.52","192.168.1.65","TCP","66","443  >  46476 [ACK] Seq=6416 Ack=2517 Win=256 Len=0 TSval=283644142 TSecr=1051330326"
"585","290.686516751","31.13.72.52","192.168.1.65","TLSv1.2","104","Application Data"
"586","290.686550116","192.168.1.65","31.13.72.52","TCP","66","46476  >  443 [ACK] Seq=2517 Ack=6454 Win=1444 Len=0 TSval=1051330481 TSecr=283644253"
"587","290.728635247","192.30.253.125","192.168.1.65","TCP","66","443  >  51208 [ACK] Seq=145 Ack=170 Win=31 Len=0 TSval=3481262642 TSecr=2556261035"
"588","291.553006009","192.168.1.1","224.0.0.1","IGMPv3","50","Membership Query, general"
"589","296.062808943","192.168.1.65","224.0.0.22","IGMPv3","54","Membership Report / Join group 224.0.0.251 for any sources"
"590","298.366808194","192.168.1.65","77.88.55.80","TCP","66","[TCP Keep-Alive] 56222  >  443 [ACK] Seq=1 Ack=1 Win=363 Len=0 TSval=3340945253 TSecr=830541801"
"591","298.402901360","77.88.55.80","192.168.1.65","TCP","66","[TCP Keep-Alive ACK] 443  >  56222 [ACK] Seq=1 Ack=2 Win=177 Len=0 TSval=830553065 TSecr=3340726246"
"592","299.870324457","192.168.1.66","224.0.0.251","MDNS","103","Standard query 0x0007 PTR _37F83649._sub._googlecast._tcp.local, ""QM"" question PTR _googlecast._tcp.local, ""QM"" question"
"593","307.532008699","192.168.1.65","31.13.72.52","TLSv1.2","97","Application Data"
"594","307.580057203","31.13.72.52","192.168.1.65","TCP","66","443  >  46476 [ACK] Seq=6454 Ack=2548 Win=256 Len=0 TSval=283661147 TSecr=1051347327"
"595","307.693527042","31.13.72.52","192.168.1.65","TLSv1.2","104","Application Data"
"596","307.693567260","192.168.1.65","31.13.72.52","TCP","66","46476  >  443 [ACK] Seq=2548 Ack=6492 Win=1444 Len=0 TSval=1051347488 TSecr=283661258"
"597","311.909843866","192.168.1.1","239.255.255.250","SSDP","304","NOTIFY * HTTP/1.1 "
"598","312.011746216","192.168.1.1","239.255.255.250","SSDP","376","NOTIFY * HTTP/1.1 "
"599","312.114649167","192.168.1.1","239.255.255.250","SSDP","313","NOTIFY * HTTP/1.1 "
"600","312.216589924","192.168.1.1","239.255.255.250","SSDP","372","NOTIFY * HTTP/1.1 "
"601","312.318962115","192.168.1.1","239.255.255.250","SSDP","313","NOTIFY * HTTP/1.1 "
"602","312.421374361","192.168.1.1","239.255.255.250","SSDP","352","NOTIFY * HTTP/1.1 "
"603","312.524263384","192.168.1.1","239.255.255.250","SSDP","313","NOTIFY * HTTP/1.1 "
"604","312.626172638","192.168.1.1","239.255.255.250","SSDP","352","NOTIFY * HTTP/1.1 "
"605","312.675645630","192.168.1.1","239.255.255.250","SSDP","313","NOTIFY * HTTP/1.1 "
"606","312.675667791","192.168.1.1","239.255.255.250","SSDP","368","NOTIFY * HTTP/1.1 "
"607","312.676737508","192.168.1.1","239.255.255.250","SSDP","384","NOTIFY * HTTP/1.1 "
"608","312.676752854","192.168.1.1","239.255.255.250","SSDP","378","NOTIFY * HTTP/1.1 "
"609","312.678775605","192.168.1.1","239.255.255.250","SSDP","366","NOTIFY * HTTP/1.1 "
"610","312.679313996","192.168.1.1","239.255.255.250","SSDP","382","NOTIFY * HTTP/1.1 "
"611","319.535588918","192.168.1.65","192.168.1.1","DNS","100","Standard query 0xa829 A connectivity-check.ubuntu.com OPT"
"612","319.539488438","192.168.1.1","192.168.1.65","DNS","132","Standard query response 0xa829 A connectivity-check.ubuntu.com A 35.224.99.156 A 35.222.85.5 OPT"
"613","319.873385127","192.168.1.66","224.0.0.251","MDNS","103","Standard query 0x0008 PTR _37F83649._sub._googlecast._tcp.local, ""QM"" question PTR _googlecast._tcp.local, ""QM"" question"
"614","320.535974871","192.168.1.65","35.224.99.156","TCP","74","33652  >  80 [SYN] Seq=0 Win=29200 Len=0 MSS=1460 SACK_PERM=1 TSval=36808148 TSecr=0 WS=128"
"615","320.705852790","35.224.99.156","192.168.1.65","TCP","74","80  >  33652 [SYN, ACK] Seq=0 Ack=1 Win=28160 Len=0 MSS=1420 SACK_PERM=1 TSval=3567872600 TSecr=36808148 WS=128"
"616","320.705920547","192.168.1.65","35.224.99.156","TCP","66","33652  >  80 [ACK] Seq=1 Ack=1 Win=29312 Len=0 TSval=36808318 TSecr=3567872600"
"617","320.706173331","192.168.1.65","35.224.99.156","HTTP","153","GET / HTTP/1.1 "
"618","320.875614051","35.224.99.156","192.168.1.65","TCP","66","80  >  33652 [ACK] Seq=1 Ack=88 Win=29312 Len=0 TSval=3567872791 TSecr=36808318"
"619","320.875637113","35.224.99.156","192.168.1.65","HTTP","214","HTTP/1.1 204 No Content "
"620","320.875648803","192.168.1.65","35.224.99.156","TCP","66","33652  >  80 [ACK] Seq=88 Ack=149 Win=30336 Len=0 TSval=36808487 TSecr=3567872792"
"621","320.875672615","35.224.99.156","192.168.1.65","TCP","66","80  >  33652 [FIN, ACK] Seq=149 Ack=88 Win=29312 Len=0 TSval=3567872792 TSecr=36808318"
"622","320.875825528","192.168.1.65","35.224.99.156","TCP","66","33652  >  80 [FIN, ACK] Seq=88 Ack=150 Win=30336 Len=0 TSval=36808488 TSecr=3567872792"
"623","321.045018838","35.224.99.156","192.168.1.65","TCP","66","80  >  33652 [ACK] Seq=150 Ack=89 Win=29312 Len=0 TSval=3567872961 TSecr=36808488"
"624","327.038809717","192.168.1.65","64.233.161.188","TCP","66","[TCP Keep-Alive] 44280  >  5228 [ACK] Seq=27 Ack=27 Win=451 Len=0 TSval=1602113726 TSecr=3147999697"
"625","327.078881492","64.233.161.188","192.168.1.65","TCP","66","[TCP Keep-Alive ACK] 5228  >  44280 [ACK] Seq=27 Ack=28 Win=248 Len=0 TSval=3148045544 TSecr=1602067920"
"626","331.059056279","Sercomm_be:8c:a4","Broadcast","ARP","42","Who has 192.168.1.64? Tell 192.168.1.1"
"627","331.134786218","192.168.1.65","74.125.131.138","TCP","66","[TCP Keep-Alive] 59208  >  443 [ACK] Seq=6451 Ack=4370 Win=362 Len=0 TSval=343301815 TSecr=2968041795"
"628","331.171387194","74.125.131.138","192.168.1.65","TCP","66","[TCP Keep-Alive ACK] 443  >  59208 [ACK] Seq=4370 Ack=6452 Win=313 Len=0 TSval=2968086852 TSecr=343164674"
"629","331.531160303","192.168.1.65","31.13.72.52","TLSv1.2","97","Application Data"
"630","331.576845088","31.13.72.52","192.168.1.65","TCP","66","443  >  46476 [ACK] Seq=6492 Ack=2579 Win=256 Len=0 TSval=283685142 TSecr=1051371326"
"631","331.686443364","31.13.72.52","192.168.1.65","TLSv1.2","104","Application Data"
"632","331.686468645","192.168.1.65","31.13.72.52","TCP","66","46476  >  443 [ACK] Seq=2579 Ack=6530 Win=1444 Len=0 TSval=1051371481 TSecr=283685253"
"633","332.003468034","Sercomm_be:8c:a4","Broadcast","ARP","42","Who has 192.168.1.64? Tell 192.168.1.1"
"634","333.107075739","Sercomm_be:8c:a4","Broadcast","ARP","42","Who has 192.168.1.64? Tell 192.168.1.1"
"635","335.742816435","192.168.1.65","192.30.253.125","TCP","66","[TCP Keep-Alive] 51208  >  443 [ACK] Seq=169 Ack=145 Win=318 Len=0 TSval=2556306206 TSecr=3481262642"
"636","335.900761892","192.30.253.125","192.168.1.65","TCP","66","[TCP Keep-Alive ACK] 443  >  51208 [ACK] Seq=145 Ack=170 Win=31 Len=0 TSval=3481273935 TSecr=2556261035"
